<?xml version="1.0" encoding="UTF-8"?><?xml-stylesheet type='text/xsl' href='_UpgradeReport_Files/UpgradeReport.xslt'?><UpgradeLog>
<Properties><Property Name="Solution" Value="Airlocker">
</Property><Property Name="Solution File" Value="E:\Development\Airlock\Airlocker\Airlocker.sln">
</Property><Property Name="Date" Value="07 Ağustos 2007 Salı">
</Property><Property Name="Time" Value="20:25">
</Property></Properties><Event ErrorLevel="0" Project="Airlocker" Source="Airlocker.csproj" Description="Project converted successfully">
</Event><Event ErrorLevel="3" Project="Airlocker" Source="Airlocker.csproj" Description="Converted">
</Event><Event ErrorLevel="0" Project="AirlockConfig" Source="..\AirlockConfig\AirlockConfig.csproj" Description="Project converted successfully">
</Event><Event ErrorLevel="3" Project="AirlockConfig" Source="..\AirlockConfig\AirlockConfig.csproj" Description="Converted">
</Event><Event ErrorLevel="0" Project="AirlockConfigurer" Source="..\AirlockConfigurer\AirlockConfigurer.csproj" Description="Project converted successfully">
</Event><Event ErrorLevel="3" Project="AirlockConfigurer" Source="..\AirlockConfigurer\AirlockConfigurer.csproj" Description="Converted">
</Event><Event ErrorLevel="0" Project="" Source="Airlocker.sln" Description="Solution converted successfully">
</Event><Event ErrorLevel="3" Project="" Source="Airlocker.sln" Description="Converted">
</Event><Event ErrorLevel="0" Project="Airlocker" Source="Airlocker.csproj" Description="Scan complete: Upgrade not required for project files.">
</Event><Event ErrorLevel="0" Project="AirlockConfig" Source="..\AirlockConfig\AirlockConfig.csproj" Description="Scan complete: Upgrade not required for project files.">
</Event><Event ErrorLevel="0" Project="AirlockConfigurer" Source="..\AirlockConfigurer\AirlockConfigurer.csproj" Description="Scan complete: Upgrade not required for project files.">
</Event></UpgradeLog>